Time,Data
1708122667.169182,0.5818260058631646
1708122668.179499,0.006865489796121227
1708122669.1898072,0.9651069484985348
1708122670.1997921,0.3707353635025862
1708122671.207582,0.9963237466506691
1708122672.207998,0.7957717009701382
1708122673.2172558,0.3340067270372057
1708122674.22327,0.925585854814628
1708122675.227112,0.1857237395784389
1708122676.230538,0.05217409764534264
1708122677.2309241,0.5164643813711218
1708122678.240683,0.975371856679607
